Email Address,Media Source URL,1-8 word Summary,(Annotated) Screenshot,Start Time,End Time,Keywords (comma separated),Comments,Meta Level Comment?,
Anonymous 5,https://www.tiktok.com/@blindonthemove/video/6940706444090068230?lang=en&is_copy_url=1&is_from_webapp=v2,Writing checks as a blind person,,,,"blind, visually impaired, checks, financing, accessibility",This is another simple but very useful tool that allows visually impaired people to write their own checks and live an independent lifestyle.,Yes,Everyday Tasks Vision Impairment
Anonymous 5,https://www.tiktok.com/@blindonthemove/video/6941467250373168389?lang=en&is_copy_url=1&is_from_webapp=v2,How blind people take Braille notes,,,,"braille, blind, notes, writing, adapting",I am very curious about this Braille tool for notetaking. I have never seen a device like this before but it seems kind of old-fashioned compared to Braille typewriters or keyboards.,Yes,Everyday Tasks Vision Impairment
Anonymous 5,https://www.tiktok.com/@blindonthemove/video/6942560169318485254?lang=en&is_copy_url=1&is_from_webapp=v2,Making Braille labels with a label maker,,,,"blind, braille, labeling, accessibility, awareness",This simple yet effective Braille label maker is easy to use for most visually impaired people and is very important in distinguishing household items.,Yes,Everyday Tasks Vision Impairment
Anonymous 5,https://www.youtube.com/watch?v=u2Xx_C5X9lM&t=1s,Tactile design on packaging,,0:00:46,,"blind, accessibility, tactile design, makeup, touch","She relies on touching the tactile design of the labels to identify the product, as most packaging unfortunately does not have any Braille labeling.",,Everyday Tasks Vision Impairment
Anonymous 5,https://www.youtube.com/watch?v=u2Xx_C5X9lM&t=1s,Tactile markers on hair products,,0:02:26,,"blind, accessibility, beauty, packaging, tactile design",She points out very helpful dot markings on the conditioner bottle that allow her to distinguish it between the shampoo. It's also good for those who can't read Braille.,,Everyday Tasks Vision Impairment
Anonymous 5,https://www.youtube.com/watch?v=u2Xx_C5X9lM&t=1s,"blind, accessibility, beauty, tactile design",,0:03:20,,Tactile markings on lid,"The tactile marking on the jar's lid could be useful if she knew about the brand, but the symbol is not a common universal symbol so she doesn't automatically know what it contains.",,Everyday Tasks Vision Impairment